actual_mean,predicted_mean,count
14.3280526315789,51.0541551236445,38
43.1202972972973,73.3860261982008,37
74.5294210526316,84.7554326066629,38
86.3788378378378,90.4290385594877,37
92.4931605263158,94.6748946279849,38
95.2037891891892,95.2188267302003,37
98.0376974358975,97.6258277111671,39
99.5843638888889,99.3088909202247,36
