Cluster,N_Test,MeanTarget_Test,R2_Test,RMSE_Test,MAE_Test,IsHighPerformanceCluster
1,296,75.1224310810811,0.311179688392237,24.4303430518607,14.4435584270446,0
2,4,94.4,-0.0300575038604654,5.43668097953854,3.64082016200042,1
