Model,RMSE_Global,MAE_Global,R2_Global,RMSE_Train,MAE_Train,R2_Train,RMSE_High,MAE_High,R2_High,RMSE_High_Train,MAE_High_Train,R2_High_Train,HighHitRate,N_Test,N_TestHigh
stacking_top3,18.9966118892122,11.2770281671417,0.580473921849701,13.9454871295486,8.36314351971993,0.717255792968543,2.84473197123826,1.79079531794971,0.0216317446385444,1.1853602066611,0.800846854027996,0.830174573793751,0.980263157894737,300,152
BaggedTrees_mtryWide,23.3908492609896,13.8293047769518,0.363939183089476,19.1825647495782,10.7813454658902,0.46501736815853,2.9246548197227,1.68905452942867,-0.0341150954620426,1.31718394369001,0.717606309643945,0.790301713293434,0.960526315789474,300,152
LSBoost,12.6564498779961,6.71250029671018,0.813778221760394,1.98672969262211,0.961084087299685,0.994261427108455,4.70318004646976,2.15347464420664,-1.67425523604904,0.169517761200431,0.0967189661334268,0.996526778808528,0.881578947368421,300,152
NeuralNet,16.8511481852167,9.99197316281984,0.669884696627997,13.5340189388417,7.71590113986932,0.733694646518242,6.22594518823842,2.80773889978971,-3.68630155635822,1.61828371423174,0.914165605064544,0.683472568827469,0.914473684210526,300,152
