{
  "low_rows": 741,
  "false_high_rate": 0.3117408906882591,
  "mean_overprediction": -263.88660044785377,
  "low_rmse": 1633.5125533458208,
  "low_mae": 295.22149211634274
}