{
  "low_rows": 148,
  "false_high_rate": 0.30405405405405406,
  "mean_overprediction": 25.361714728715555,
  "low_rmse": 34.449884647641305,
  "low_mae": 27.345824839233316
}