{
  "low_rows": 148,
  "false_high_rate": 0.21621621621621623,
  "mean_overprediction": 20.559318642587289,
  "low_rmse": 26.892091546034298,
  "low_mae": 21.019645687933451
}