{
  "low_rows": 149,
  "false_high_rate": 0.4697986577181208,
  "mean_overprediction": 22.291679231462865,
  "low_rmse": 32.22061282803084,
  "low_mae": 24.316163675955465
}