{
  "low_rows": 149,
  "false_high_rate": 0.5234899328859061,
  "mean_overprediction": 30.21366194842046,
  "low_rmse": 39.193676130372054,
  "low_mae": 30.823932544546995
}