{
  "low_rows": 149,
  "false_high_rate": 0.4161073825503356,
  "mean_overprediction": 24.86034907249174,
  "low_rmse": 33.09292484755393,
  "low_mae": 25.511609939279953
}