{
  "low_rows": 149,
  "false_high_rate": 0.5704697986577181,
  "mean_overprediction": 27.424069630444563,
  "low_rmse": 37.41944814181669,
  "low_mae": 28.173315908062634
}