{
  "low_rows": 149,
  "false_high_rate": 0.4228187919463087,
  "mean_overprediction": 23.995825352159034,
  "low_rmse": 31.943005393332534,
  "low_mae": 24.575451738262434
}