{
  "low_rows": 741,
  "false_high_rate": 0.5897435897435898,
  "mean_overprediction": 30.310668615970208,
  "low_rmse": 38.655390001600225,
  "low_mae": 30.39279714922676
}