{
  "low_rows": 8,
  "false_high_rate": 1,
  "mean_overprediction": 39.66365975763609,
  "low_rmse": 41.928402747430177,
  "low_mae": 39.66365975763609
}