{
  "low_rows": 741,
  "false_high_rate": 0.11201079622132254,
  "mean_overprediction": 8.997533427654526,
  "low_rmse": 13.439771566731894,
  "low_mae": 9.873721471318841
}