{
  "low_rows": 741,
  "false_high_rate": 0.3049932523616734,
  "mean_overprediction": 18.060900451021244,
  "low_rmse": 27.48540555706346,
  "low_mae": 20.175274831889954
}