actual_mean,predicted_mean,count
14.831447368421053,61.493921078804775,38
49.08610526315789,80.0256077285959,38
76.99386486486488,88.48983853863768,37
87.48976315789473,92.97995808359896,38
92.48807297297297,94.31870169616089,37
95.64251282051282,95.62159388466637,39
98.35492162162161,98.15669424243757,37
99.72134324324324,99.07010483752987,37
