actual_mean,predicted_mean,count
14.831447368421053,59.10693416233647,38
49.08610526315789,79.19891809754178,38
76.99386486486488,85.55292209400271,37
87.48976315789473,92.36683457308295,38
92.48807297297297,94.63521031804699,37
95.64251282051282,95.86747387355759,39
98.35492162162161,98.19394428532237,37
99.72134324324324,99.174480550264,37
