pollutant_input,target_removal_rate,parameter,value_low,value_median,value_high,confidence_level,achievable_removal_low,achievable_removal_median,achievable_removal_high
Sulfamethoxazole,90.0,MB MWCO (Da),151.8,202.0,301.8,0.8,89.99251705849028,90.00039114629757,90.00736845009375
Sulfamethoxazole,90.0,Pressure (kPa),751.7693134032537,813.471660031715,1111.031958504893,0.8,89.99251705849028,90.00039114629757,90.00736845009375
Sulfamethoxazole,90.0,MB pore radius rp (nm),0.3405571577435758,0.37402218866091896,0.40464971830417684,0.8,89.99251705849028,90.00039114629757,90.00736845009375
Sulfamethoxazole,95.0,MB MWCO (Da),267.2,359.0,373.2,0.8,94.94478842024215,94.96528722084537,95.04172802432909
Sulfamethoxazole,95.0,Pressure (kPa),582.9859069886134,1175.439965457554,1293.4054854399408,0.8,94.94478842024215,94.96528722084537,95.04172802432909
Sulfamethoxazole,95.0,MB pore radius rp (nm),0.2827197145205994,0.3091990825230029,0.36468539173132675,0.8,94.94478842024215,94.96528722084537,95.04172802432909
