model,rmse_high,mae_high,r2_high,high_hit_rate,r2_global,rmse_global
stacking_top3,1.7864152623578011,1.1413313118251587,0.6322568152370598,1.0,0.3716500492894146,22.705107233761765
random_forest,1.9110247291940137,1.253049832156632,0.579164463378976,1.0,0.3280843866881723,23.479028941005186
hist_gb,2.2481575960553846,1.35835973362251,0.4175840018114829,0.993421052631579,0.36142619556471867,22.88907879326871
xgboost,3.1165723694267107,1.4515793080545605,-0.11926835181089146,0.9736842105263158,0.5108437549828471,20.03302651960058
extra_trees,4.949990934277002,1.5628978329775152,-1.8235052457481684,0.9802631578947368,0.5374323378786263,19.48096198110876
